reaction_id	flux_value	classification	y_f	y_r
rxn02201_c	0.0	moderate		
rxn00351_c	1.0	high	1.0	0.0
rxn07431_c	0.0	low	1.0	0.0
rxn00836_c	0.0	moderate		
rxn01094_c	0.0	low	1.0	0.0
rxn00423_c	0.0	moderate		
rxn10298_c	0.0	high	0.0	0.0
rxn00364_c	0.0	low	1.0	0.0
rxn05561_c	0.0	low	1.0	0.0
rxn03408_c	0.0			
rxn02177_c	0.0	low	1.0	0.0
rxn05250_c	0.0	low	1.0	0.0
rxn00646_c	1.0	high	1.0	0.0
rxn05440_c	0.0	low	1.0	0.0
rxn01673_c	1.0	high	1.0	0.0
rxn02360_c	0.0	high	0.0	0.0
rxn02342_c	0.0	moderate		
rxn05156_c	0.0	moderate		
rxn01452_c	0.0	low	1.0	0.0
rxn00642_c	0.0	moderate		
rxn02000_c	0.0	moderate		
rxn03239_c	0.0	high	0.0	0.0
rxn05457_c	0.0	low	1.0	0.0
rxn00107_c	0.0	high	0.0	0.0
rxn12008_c	0.0	high	0.0	0.0
rxn04070_c	0.0	high	0.0	0.0
rxn00199_c	501.14286	moderate		
rxn01358_c	0.0	moderate		
rxn03433_c	0.0	moderate		
rxn10231_c	0.0	low	1.0	0.0
rxn12637_c	0.0	moderate		
rxn09240_c	1.0	high	1.0	0.0
rxn00172_c	-1000.0			
rxn01219_c	0.0	low	1.0	0.0
rxn02168_c	1.0	low	0.0	0.0
rxn00800_c	0.0	moderate		
rxn08333_c	0.0	high	0.0	0.0
rxn08172_c	0.0	low	1.0	0.0
rxn01705_c	0.0	low	1.0	0.0
rxn09177_c	0.0	moderate		
rxn00211_c	0.0	moderate		
rxn00179_c	0.0	low	1.0	0.0
rxn02945_c	0.0	moderate		
rxn01210_c	0.0	low	1.0	0.0
rxn00192_c	1.0	low	0.0	0.0
rxn01218_c	0.0	low	1.0	0.0
rxn02898_c	0.0	high	0.0	0.0
rxn05654_c	0.0	low	1.0	0.0
rxn12549_c	0.0	low	1.0	0.0
rxn00545_c	0.0	low	1.0	0.0
rxn08807_c	0.0	low	1.0	0.0
rxn05614_c	0.0	high	0.0	0.0
rxn02316_c	0.0	low	1.0	0.0
rxn00501_c	0.0	low	1.0	0.0
rxn10344_c	0.0	low	1.0	0.0
rxn10336_c	0.0			
rxn02320_c	0.0	low	1.0	0.0
rxn03384_c	0.0	high	0.0	0.0
rxn02504_c	0.0	high	0.0	0.0
rxn00262_c	994.71429	moderate		
rxn03173_c	0.0	moderate		
rxn03039_c	0.0	low	1.0	0.0
rxn10262_c	0.0	low	1.0	0.0
rxn10126_c	733.0	high	1.0	0.0
rxn10209_c	0.0	low	1.0	0.0
rxn08084_c	0.0	low	1.0	0.0
rxn10225_c	0.0	low	1.0	0.0
rxn01486_c	0.0	low	1.0	0.0
rxn05444_c	0.0	low	1.0	0.0
rxn05334_c	0.0	moderate		
rxn10205_c	0.0	low	1.0	0.0
rxn05040_c	0.0	low	1.0	0.0
rxn02090_c	0.0	high	0.0	0.0
rxn01843_c	0.0	low	1.0	0.0
rxn00816_c	-1.5	moderate		
rxn02988_c	0.0	high	0.0	0.0
rxn04792_c	-504.85714	high	0.0	1.0
rxn00165_c	0.0	moderate		
rxn10228_c	0.0	low	1.0	0.0
rxn01117_c	0.0	low	1.0	0.0
rxn00001_c	0.0	low	1.0	0.0
rxn08895_c	0.0	low	1.0	0.0
rxn00671_c	0.0	low	1.0	0.0
rxn11268_c	-12.5	high	0.0	1.0
rxn00710_c	0.0	low	1.0	0.0
rxn02305_c	0.0	high	0.0	0.0
rxn02885_c	0.0	moderate		
rxn08817_c	0.0	low	1.0	0.0
rxn00910_c	1000.0	moderate		
rxn00953_c	0.0	moderate		
rxn01129_c	0.0	low	1.0	0.0
rxn08296_c	0.0	moderate		
rxn00717_c	2.0	high	1.0	0.0
rxn05647_c	0.0	moderate		
rxn01297_c	0.0	low	1.0	0.0
rxn01962_c	0.0	moderate		
rxn10254_c	0.0	moderate		
rxn01682_c	0.0	low	1.0	0.0
rxn08796_c	0.0	low	1.0	0.0
rxn01806_c	0.0			
rxn08941_c	0.0	low	1.0	0.0
rxn03181_c	0.0	low	1.0	0.0
rxn09360_c	0.0	moderate		
rxn02331_c	0.0	moderate		
rxn06493_c	0.0	high	0.0	0.0
rxn12846_c	0.0	moderate		
rxn00337_c	0.0	low	1.0	0.0
rxn08308_c	0.0	low	1.0	0.0
rxn01930_c	0.0	moderate		
rxn00208_c	0.0	low	1.0	0.0
rxn08823_c	0.0	low	1.0	0.0
rxn05031_c	0.0	moderate		
rxn05434_c	0.0	low	1.0	0.0
rxn05346_c	0.0	moderate		
rxn00867_c	0.0	low	1.0	0.0
rxn03248_c	0.0	high	0.0	0.0
rxn08127_c	0.0	low	1.0	0.0
rxn05386_c	0.0	moderate		
rxn05516_c	0.0	low	1.0	0.0
rxn05733_c	0.0	low	1.0	0.0
rxn00416_c	1.0	high	1.0	0.0
rxn09206_c	0.0	low	1.0	0.0
rxn01729_c	0.0	low	1.0	0.0
rxn01134_c	0.0	low	1.0	0.0
rxn02376_c	497.85714	high	1.0	0.0
rxn08017_c	0.0	low	1.0	0.0
rxn09209_c	0.0	low	1.0	0.0
rxn12512_c	0.0	moderate		
rxn08669_c	0.0	low	1.0	0.0
rxn06672_c	0.0	low	1.0	0.0
rxn00649_c	0.0	low	1.0	0.0
rxn01739_c	0.0			
rxn02400_c	0.0	low	1.0	0.0
rxn01268_c	0.0	moderate		
rxn00641_c	0.0	high	0.0	0.0
rxn00361_c	1.0	high	1.0	0.0
rxn02679_c	0.0	moderate		
rxn07434_c	0.0	low	1.0	0.0
rxn01974_c	0.0	high	0.0	0.0
rxn01640_c	0.0	low	1.0	0.0
rxn00242_c	0.0	low	1.0	0.0
rxn12641_c	0.0	moderate		
rxn08971_c	1.0	high	1.0	0.0
rxn08275_c	0.0	high	0.0	0.0
rxn01635_c	0.0	high	0.0	0.0
rxn03057_c	0.0	low	1.0	0.0
rxn00060_c	0.0	low	1.0	0.0
rxn05350_c	0.0	moderate		
rxn09198_c	0.0	low	1.0	0.0
rxn08838_c	0.0	low	1.0	0.0
rxn00148_c	0.0	low	1.0	0.0
rxn01102_c	0.0	high	0.0	0.0
rxn05569_c	2.5	moderate		
rxn00100_c	0.0	low	1.0	0.0
rxn00514_c	0.0	moderate		
rxn00789_c	0.0	low	1.0	0.0
rxn05390_c	0.0	moderate		
rxn05560_c	0.0	moderate		
rxn05437_c	0.0	low	1.0	0.0
rxn08976_c	1.0	high	1.0	0.0
rxn00781_c	-1.0	high	0.0	1.0
rxn05319_c	0.0	low	1.0	0.0
rxn00881_c	0.0	low	1.0	0.0
rxn05298_c	-1.0	high	0.0	1.0
rxn06578_c	0.0	low	1.0	0.0
rxn01355_c	0.0	low	1.0	0.0
rxn10337_c	0.0			
rxn00292_c	0.0	moderate		
rxn08336_c	0.0	low	1.0	0.0
rxn05401_c	0.0	low	1.0	0.0
rxn02264_c	0.0	low	1.0	0.0
rxn10338_c	0.0			
rxn09202_c	0.0	low	1.0	0.0
rxn01451_c	-1.0	high	0.0	1.0
rxn03903_c	0.0	moderate		
rxn00097_c	-1.0	high	0.0	1.0
rxn01217_c	0.0	low	1.0	0.0
rxn02212_c	0.0	low	1.0	0.0
rxn00695_c	0.0	low	1.0	0.0
rxn00250_c	0.0	moderate		
rxn05324_c	0.0	low	1.0	0.0
rxn10481_c	0.0	low	1.0	0.0
rxn03535_c	0.0	moderate		
rxn00692_c	0.0	low	1.0	0.0
rxn01492_c	0.0	low	1.0	0.0
rxn00802_c	1.0	high	1.0	0.0
rxn08440_c	0.0	moderate		
rxn02160_c	0.0	low	1.0	0.0
rxn08802_c	0.0	low	1.0	0.0
rxn02315_c	0.0	low	1.0	0.0
rxn01825_c	0.0	low	1.0	0.0
rxn10230_c	0.0	low	1.0	0.0
rxn02720_c	0.0	moderate		
rxn00913_c	0.0	low	1.0	0.0
rxn01997_c	0.0	moderate		
rxn08809_c	0.0	low	1.0	0.0
rxn00460_c	0.0	low	1.0	0.0
rxn00171_c	0.0	low	1.0	0.0
rxn05578_c	0.0	low	1.0	0.0
rxn00178_c	-753.21429	high	0.0	1.0
rxn03264_c	0.0	high	0.0	0.0
rxn01362_c	0.0	low	1.0	0.0
rxn05329_c	0.0	moderate		
rxn03174_c	0.0	low	1.0	0.0
rxn03918_c	0.0	moderate		
rxn05161_c	0.0	low	1.0	0.0
rxn00549_c	0.5	moderate		
rxn03951_c	0.0	low	1.0	0.0
rxn01022_c	0.0	moderate		
rxn05418_c	0.0	low	1.0	0.0
rxn00506_c	0.0	low	1.0	0.0
rxn01894_c	0.0	moderate		
rxn10060_c	0.0	low	1.0	0.0
rxn02933_c	0.0	high	0.0	0.0
rxn00727_c	0.0	low	1.0	0.0
rxn10307_c	0.0	high	0.0	0.0
rxn05617_c	0.0	moderate		
rxn03852_c	0.0	moderate		
rxn12638_c	0.0	moderate		
rxn01354_c	0.0	low	1.0	0.0
rxn02268_c	0.0	moderate		
rxn00305_c	1.0	high	1.0	0.0
rxn01445_c	0.0	low	1.0	0.0
rxn05248_c	0.0	low	1.0	0.0
rxn00612_c	0.0	low	1.0	0.0
rxn08766_c	0.0	low	1.0	0.0
rxn05539_c	0.0	low	1.0	0.0
rxn08841_c	0.0	low	1.0	0.0
rxn05461_c	0.0	low	1.0	0.0
rxn03586_c	0.0	low	1.0	0.0
rxn02159_c	0.0	low	1.0	0.0
rxn10222_c	0.0	low	1.0	0.0
rxn00269_c	3.2857143	high	1.0	0.0
rxn10263_c	0.0	low	1.0	0.0
rxn02791_c	0.0	moderate		
rxn05466_c	-5.7857143	moderate		
rxn08814_c	0.0	low	1.0	0.0
rxn00917_c	0.0	moderate		
rxn08845_c	0.0	low	1.0	0.0
rxn00395_c	1.0	high	1.0	0.0
rxn01438_c	0.0	moderate		
rxn00300_c	0.0	low	1.0	0.0
rxn01925_c	0.0	low	1.0	0.0
rxn02798_c	0.0	moderate		
rxn00999_c	0.0	moderate		
rxn05174_c	0.0			
rxn08799_c	0.0	low	1.0	0.0
rxn00433_c	0.0			
rxn05957_c	0.0	low	1.0	0.0
rxn05335_c	0.0	moderate		
rxn03419_c	0.0	low	1.0	0.0
rxn08551_c	0.0	low	1.0	0.0
rxn10256_c	0.0	moderate		
rxn00679_c	0.0	high	0.0	0.0
rxn01516_c	0.0	low	1.0	0.0
rxn00758_c	0.0	low	1.0	0.0
rxn10314_c	0.0	high	0.0	0.0
rxn09111_c	0.0	low	1.0	0.0
rxn06078_c	0.0	low	1.0	0.0
rxn00471_c	1.0	low	0.0	0.0
rxn05607_c	0.0	moderate		
rxn05595_c	1000.0	moderate		
rxn05348_c	0.0	moderate		
rxn05435_c	0.0	low	1.0	0.0
rxn03245_c	0.0	low	1.0	0.0
rxn01504_c	0.0	low	1.0	0.0
rxn00907_c	0.0	low	1.0	0.0
rxn05458_c	0.0	low	1.0	0.0
rxn08300_c	0.0	moderate		
rxn02404_c	0.0	low	1.0	0.0
rxn01644_c	0.0	low	1.0	0.0
rxn08297_c	0.0	moderate		
rxn02911_c	0.0	low	1.0	0.0
rxn05450_c	0.0	low	1.0	0.0
rxn12847_c	0.0	moderate		
rxn05410_c	0.0	low	1.0	0.0
rxn05443_c	0.0	low	1.0	0.0
rxn09114_c	0.0	low	1.0	0.0
rxn09188_c	-1.0	high	0.0	1.0
rxn08822_c	0.0	low	1.0	0.0
rxn05030_c	0.0	low	1.0	0.0
rxn10208_c	0.0	low	1.0	0.0
rxn01620_c	0.0	low	1.0	0.0
rxn05345_c	0.0	moderate		
rxn02071_c	0.0	high	0.0	0.0
rxn01522_c	0.0	low	1.0	0.0
rxn00336_c	1.0	high	1.0	0.0
rxn05422_c	0.0	low	1.0	0.0
rxn03891_c	0.0	high	0.0	0.0
rxn01465_c	0.0	moderate		
rxn10204_c	0.0	low	1.0	0.0
rxn01833_c	0.0	moderate		
rxn05145_c	26.0	low	0.0	0.0
rxn01872_c	-497.85714	high	0.0	1.0
rxn01301_c	1000.0	moderate		
rxn01643_c	0.0	moderate		
rxn00248_c	504.14286	high	1.0	0.0
rxn08844_c	0.0	low	1.0	0.0
rxn05385_c	0.0	low	1.0	0.0
rxn00707_c	-2.0	low	0.0	0.0
rxn00369_c	0.0	low	1.0	0.0
rxn01637_c	-1.0	moderate		
rxn00566_c	3.2857143	high	1.0	0.0
rxn00708_c	0.0	low	1.0	0.0
rxn07433_c	0.0	low	1.0	0.0
rxn01269_c	0.0	moderate		
rxn00392_c	0.0	low	1.0	0.0
rxn00747_c	0.5	moderate		
rxn01334_c	0.0	moderate		
rxn00830_c	0.0	moderate		
rxn01108_c	2.0	high	1.0	0.0
rxn05219_c	2.0	moderate		
rxn03406_c	0.0	moderate		
rxn00029_c	0.0	low	1.0	0.0
rxn00609_c	0.0	high	0.0	0.0
rxn06673_c	0.0	low	1.0	0.0
rxn12646_c	0.0	moderate		
rxn06777_c	0.0	high	0.0	0.0
rxn03869_c	0.0	low	1.0	0.0
rxn05256_c	1.0	high	1.0	0.0
rxn05448_c	0.0	low	1.0	0.0
rxn05446_c	0.0	low	1.0	0.0
rxn02175_c	0.0	low	1.0	0.0
rxn02835_c	0.0	low	1.0	0.0
rxn02774_c	0.0			
rxn01675_c	0.0	high	0.0	0.0
rxn08839_c	0.0	low	1.0	0.0
rxn01575_c	0.0	moderate		
rxn01454_c	0.0	low	1.0	0.0
rxn05150_c	0.0	low	1.0	0.0
rxn10335_c	0.0			
rxn05398_c	0.0	moderate		
rxn01315_c	0.0			
rxn03240_c	0.0	low	1.0	0.0
rxn09562_c	1.0	moderate		
rxn01501_c	0.0	moderate		
rxn00555_c	0.0	low	1.0	0.0
rxn03080_c	0.0	moderate		
rxn10237_c	0.0	low	1.0	0.0
rxn10011_c	0.0	moderate		
rxn12644_c	0.0	moderate		
rxn00147_c	0.0			
rxn00737_c	0.0	moderate		
rxn08843_c	0.0	low	1.0	0.0
rxn01256_c	0.0	low	1.0	0.0
rxn00213_c	1.5	moderate		
rxn01629_c	0.0	low	1.0	0.0
rxn00777_c	0.0	low	1.0	0.0
rxn05164_c	0.0	moderate		
rxn01740_c	0.0			
rxn00190_c	1.0	high	1.0	0.0
rxn05327_c	0.0	low	1.0	0.0
rxn01444_c	0.0	low	1.0	0.0
rxn05655_c	0.0	moderate		
rxn02314_c	0.0	low	1.0	0.0
rxn08801_c	0.0	low	1.0	0.0
rxn02275_c	0.0	low	1.0	0.0
rxn00251_c	0.0	low	1.0	0.0
rxn00139_c	0.0	low	1.0	0.0
rxn00790_c	0.0	low	1.0	0.0
rxn07976_c	0.0	moderate		
rxn00237_c	2.0	high	1.0	0.0
rxn00463_c	0.0	moderate		
rxn01489_c	0.0	moderate		
rxn10342_c	0.0			
rxn08311_c	0.0	low	1.0	0.0
rxn03175_c	0.0	low	1.0	0.0
rxn10264_c	0.0	low	1.0	0.0
rxn03421_c	0.0	low	1.0	0.0
rxn10227_c	0.0	low	1.0	0.0
rxn01146_c	0.0	high	0.0	0.0
rxn05336_c	0.0	low	1.0	0.0
rxn09210_c	0.0	low	1.0	0.0
rxn00285_c	256.35714	high	1.0	0.0
rxn00182_c	0.0	low	1.0	0.0
rxn05567_c	0.0	moderate		
rxn01642_c	0.0	low	1.0	0.0
rxn00132_c	0.0	low	1.0	0.0
rxn01045_c	0.0	low	1.0	0.0
rxn08893_c	0.0	low	1.0	0.0
rxn06864_c	0.0	moderate		
rxn00712_c	0.0	low	1.0	0.0
rxn08615_c	0.0	low	1.0	0.0
rxn08815_c	0.0	low	1.0	0.0
rxn00126_c	0.0	high	0.0	0.0
rxn01518_c	0.0	moderate		
rxn12844_c	3.2857143	moderate		
rxn08798_c	0.0	low	1.0	0.0
rxn08119_c	0.0	moderate		
rxn08306_c	0.0	low	1.0	0.0
rxn08821_c	0.0	low	1.0	0.0
rxn00206_c	0.0	high	0.0	0.0
rxn05381_c	0.0	moderate		
rxn01871_c	0.0	low	1.0	0.0
rxn05340_c	0.0	low	1.0	0.0
rxn02143_c	0.0	moderate		
rxn00405_c	0.0	high	0.0	0.0
rxn04704_c	0.0	high	0.0	0.0
rxn00299_c	0.0	low	1.0	0.0
rxn08546_c	0.0	low	1.0	0.0
rxn00756_c	0.0	low	1.0	0.0
rxn05389_c	0.0	low	1.0	0.0
rxn05735_c	0.0	low	1.0	0.0
rxn02484_c	0.0	moderate		
rxn01133_c	0.0	high	0.0	0.0
rxn12639_c	0.0	moderate		
rxn03159_c	0.0	low	1.0	0.0
rxn00875_c	1.0	moderate		
rxn01000_c	0.0	low	1.0	0.0
rxn00647_c	0.0	low	1.0	0.0
rxn03397_c	0.0	high	0.0	0.0
rxn08120_c	0.0	moderate		
rxn00363_c	0.0	low	1.0	0.0
rxn08128_c	0.0	low	1.0	0.0
rxn05188_c	0.0	low	1.0	0.0
rxn01670_c	0.0	low	1.0	0.0
rxn12643_c	0.0	moderate		
rxn05183_c	0.0	high	0.0	0.0
rxn01706_c	0.0	low	1.0	0.0
rxn03055_c	0.0	low	1.0	0.0
rxn09359_c	0.0	low	1.0	0.0
rxn11703_c	0.0	high	0.0	0.0
rxn01300_c	0.0	low	1.0	0.0
rxn00601_c	0.0	moderate		
rxn00411_c	1.0	low	0.0	0.0
rxn00321_c	0.0	moderate		
rxn00786_c	-0.5	moderate		
rxn09197_c	0.0	low	1.0	0.0
rxn00740_c	0.0	low	1.0	0.0
rxn01100_c	1.0	high	1.0	0.0
rxn00838_c	0.0	low	1.0	0.0
rxn00102_c	0.0	low	1.0	0.0
rxn00831_c	0.0	low	1.0	0.0
rxn12634_c	0.0	moderate		
rxn00883_c	0.0	low	1.0	0.0
rxn01255_c	0.0	moderate		
rxn10014_c	0.0	moderate		
rxn05406_c	0.0	moderate		
rxn10299_c	0.0	high	0.0	0.0
OF_PROTEIN	0.0	low	1.0	0.0
rxn00776_c	0.0	moderate		
rxn05251_c	0.0	low	1.0	0.0
rxn03126_c	0.0	low	1.0	0.0
rxn05485_c	0.0	moderate		
rxn00214_c	0.0	low	1.0	0.0
rxn01211_c	0.0	low	1.0	0.0
rxn00527_c	0.0	low	1.0	0.0
rxn05322_c	0.0	low	1.0	0.0
rxn05193_c	0.0	high	0.0	0.0
rxn12848_c	3.2857143	low	0.0	0.0
rxn05151_c	0.0	moderate		
rxn00792_c	0.0	moderate		
rxn08804_c	0.0	low	1.0	0.0
rxn08442_c	0.0	moderate		
rxn05430_c	0.0	low	1.0	0.0
rxn01917_c	1.0	high	1.0	0.0
rxn10236_c	0.0	low	1.0	0.0
rxn08527_c	-1.0	high	0.0	1.0
rxn05501_c	0.0	moderate		
rxn03253_c	237.14286	moderate		
rxn01509_c	1.0	moderate		
rxn02011_c	0.0	high	0.0	0.0
rxn01548_c	0.0	moderate		
rxn08528_c	1.0	high	1.0	0.0
rxn01145_c	0.0	low	1.0	0.0
rxn09176_c	0.0	low	1.0	0.0
rxn09205_c	0.0	low	1.0	0.0
rxn03269_c	0.0	low	1.0	0.0
rxn03916_c	0.0	moderate		
rxn05364_c	0.0	low	1.0	0.0
rxn09201_c	0.0	low	1.0	0.0
rxn01669_c	2.0	low	0.0	0.0
rxn00508_c	0.0	moderate		
rxn10122_c	0.0	low	1.0	0.0
rxn00187_c	4.0	moderate		
rxn00728_c	0.0	moderate		
rxn08850_c	0.0	low	1.0	0.0
rxn00500_c	-256.0	high	0.0	1.0
rxn05734_c	0.0	low	1.0	0.0
rxn00772_c	0.0	low	1.0	0.0
rxn08812_c	0.0	low	1.0	0.0
rxn00006_c	-1.0	high	0.0	1.0
rxn02503_c	0.0	low	1.0	0.0
rxn05338_c	0.0	low	1.0	0.0
rxn03135_c	0.0	low	1.0	0.0
rxn08310_c	0.0	low	1.0	0.0
rxn00915_c	0.0	moderate		
rxn02853_c	0.0	low	1.0	0.0
rxn01967_c	0.0	moderate		
rxn01515_c	0.0	low	1.0	0.0
rxn01927_c	0.0	low	1.0	0.0
rxn10224_c	0.0	low	1.0	0.0
rxn05337_c	0.0	low	1.0	0.0
rxn00994_c	0.0	moderate		
rxn01653_c	0.0	low	1.0	0.0
rxn00474_c	0.0	low	1.0	0.0
rxn03147_c	0.0	moderate		
rxn08073_c	0.0	low	1.0	0.0
rxn03843_c	0.0	low	1.0	0.0
rxn05376_c	0.0	low	1.0	0.0
rxn01802_c	0.0	low	1.0	0.0
rxn02317_c	0.0	low	1.0	0.0
rxn01116_c	0.0			
rxn02811_c	0.0	moderate		
rxn03062_c	0.0	moderate		
rxn10258_c	0.0	moderate		
rxn00829_c	0.0	moderate		
rxn08847_c	0.0	low	1.0	0.0
rxn05608_c	0.0	low	1.0	0.0
rxn01544_c	0.0	low	1.0	0.0
rxn00863_c	0.0	low	1.0	0.0
rxn09113_c	0.0	low	1.0	0.0
rxn00711_c	0.0	low	1.0	0.0
rxn08299_c	0.0	moderate		
rxn08711_c	0.0	low	1.0	0.0
rxn01138_c	0.0	moderate		
rxn02402_c	0.0	low	1.0	0.0
rxn01607_c	0.0	moderate		
rxn05465_c	0.0	low	1.0	0.0
rxn12845_c	0.0	moderate		
rxn08820_c	0.0	low	1.0	0.0
rxn05148_c	0.0	low	1.0	0.0
rxn05380_c	0.0	low	1.0	0.0
rxn05347_c	0.0	moderate		
rxn06077_c	2.0	high	1.0	0.0
rxn08126_c	0.0	low	1.0	0.0
rxn02344_c	0.0	moderate		
rxn03407_c	0.0	moderate		
rxn08547_c	0.0	low	1.0	0.0
rxn05732_c	0.0	moderate		
rxn01303_c	0.0	low	1.0	0.0
rxn00113_c	0.0	high	0.0	0.0
rxn05023_c	0.0	high	0.0	0.0
rxn00297_c	0.0	moderate		
rxn00137_c	1.0	low	0.0	0.0
rxn00745_c	0.0	low	1.0	0.0
rxn06023_c	0.0	moderate		
rxn00611_c	0.0	low	1.0	0.0
rxn07435_c	0.0	low	1.0	0.0
rxn01678_c	1.0	high	1.0	0.0
rxn02286_c	0.0	moderate		
rxn00872_c	-1.0	moderate		
rxn00832_c	0.0	low	1.0	0.0
rxn00360_c	0.0	low	1.0	0.0
rxn01106_c	1.0	moderate		
rxn10193_c	0.0	high	0.0	0.0
rxn12640_c	0.0	moderate		
rxn00690_c	0.0	moderate		
rxn00066_c	1.0	high	1.0	0.0
rxn10012_c	-237.14286	moderate		
rxn09450_c	0.0	low	1.0	0.0
rxn00938_c	0.0	low	1.0	0.0
rxn04938_c	504.85714	high	1.0	0.0
rxn05115_c	0.0	low	1.0	0.0
rxn00412_c	1.0	high	1.0	0.0
rxn01573_c	-1.1040813e-12	low	1.0	0.0
rxn00650_c	1.0	low	0.0	0.0
rxn03167_c	0.0	low	1.0	0.0
rxn00640_c	0.0	high	0.0	0.0
rxn01103_c	0.0	low	1.0	0.0
rxn00515_c	-2.0	high	0.0	1.0
rxn08846_c	0.0	low	1.0	0.0
rxn05397_c	0.0	low	1.0	0.0
rxn03005_c	0.0	low	1.0	0.0
rxn05012_c	0.0	high	0.0	0.0
rxn01353_c	1.0	high	1.0	0.0
rxn10235_c	0.0	low	1.0	0.0
rxn12633_c	0.0	moderate		
rxn00882_c	0.0	low	1.0	0.0
rxn03244_c	0.0	high	0.0	0.0
rxn00552_c	2.5	moderate		
rxn06723_c	0.0	moderate		
rxn00313_c	0.0	moderate		
rxn02949_c	0.0	low	1.0	0.0
rxn00735_c	0.0	moderate		
rxn00775_c	0.0	low	1.0	0.0
rxn02680_c	0.0	high	0.0	0.0
rxn05405_c	0.0	low	1.0	0.0
rxn00804_c	0.0	low	1.0	0.0
rxn00196_c	0.0			
rxn00547_c	0.0	high	0.0	0.0
rxn04750_c	0.0	high	0.0	0.0
rxn05619_c	0.0	high	0.0	0.0
rxn08020_c	0.0	low	1.0	0.0
rxn05325_c	0.0	low	1.0	0.0
rxn11040_c	0.0	moderate		
rxn05610_c	0.0	low	1.0	0.0
rxn08441_c	0.0	moderate		
rxn08803_c	0.0	low	1.0	0.0
rxn07879_c	0.0	moderate		
rxn02312_c	0.0	moderate		
rxn02895_c	0.0	low	1.0	0.0
rxn07295_c	0.0	low	1.0	0.0
rxn02934_c	0.0	low	1.0	0.0
rxn08089_c	0.0	low	1.0	0.0
rxn00189_c	1.0	high	1.0	0.0
rxn01508_c	0.0	low	1.0	0.0
rxn02508_c	0.0	moderate		
rxn05442_c	0.0	low	1.0	0.0
rxn00543_c	0.0	low	1.0	0.0
rxn01996_c	0.0	moderate		
rxn10340_c	0.0			
rxn00420_c	0.0	low	1.0	0.0
rxn10253_c	0.0	moderate		
rxn10207_c	0.0	low	1.0	0.0
rxn10221_c	0.0	low	1.0	0.0
rxn02792_c	0.0	moderate		
rxn14334_c	0.0	low	1.0	0.0
rxn07979_c	0.0	moderate		
rxn00993_c	0.0	moderate		
rxn00469_c	1.0	high	1.0	0.0
rxn02804_c	0.0	high	0.0	0.0
rxn05005_c	0.0	high	0.0	0.0
rxn10203_c	0.0	low	1.0	0.0
rxn00048_c	0.0	high	0.0	0.0
rxn05231_c	0.0	moderate		
rxn09200_c	0.0	low	1.0	0.0
rxn00283_c	0.0	high	0.0	0.0
rxn05373_c	0.0	moderate		
rxn00726_c	0.0	low	1.0	0.0
rxn00184_c	-1000.0	moderate		
rxn00379_c	1.0	high	1.0	0.0
rxn01025_c	0.0	high	0.0	0.0
rxn08851_c	0.0	low	1.0	0.0
rxn05330_c	0.0	moderate		
rxn02155_c	2.0	low	0.0	0.0
rxn02866_c	0.0	low	1.0	0.0
rxn00304_c	0.0	low	1.0	0.0
rxn08552_c	0.0	low	1.0	0.0
rxn05170_c	0.0	low	1.0	0.0
rxn02475_c	0.0	moderate		
rxn05339_c	0.0	low	1.0	0.0
rxn05460_c	0.0	moderate		
rxn05484_c	754.21429	moderate		
rxn03108_c	0.0			
rxn10313_c	0.0	high	0.0	0.0
rxn00675_c	0.0	low	1.0	0.0
rxn01018_c	0.0	low	1.0	0.0
rxn00714_c	0.0	moderate		
rxn08813_c	0.0	low	1.0	0.0
rxn05683_c	-1.0	moderate		
rxn05506_c	0.0	high	0.0	0.0
rxn00634_c	0.0	high	0.0	0.0
rxn00947_c	0.0	low	1.0	0.0
rxn03247_c	0.0	low	1.0	0.0
rxn10210_c	0.0	low	1.0	0.0
rxn00278_c	0.0	low	1.0	0.0
rxn01476_c	0.0	low	1.0	0.0
rxn00205_c	1.0	high	1.0	0.0
rxn03146_c	0.0	low	1.0	0.0
rxn02789_c	0.0	moderate		
rxn01370_c	0.0	low	1.0	0.0
rxn00988_c	0.0	low	1.0	0.0
rxn00410_c	1.0	high	1.0	0.0
rxn01333_c	0.0	moderate		
rxn10257_c	0.0	moderate		
rxn06586_c	0.0	low	1.0	0.0
rxn12510_c	0.0	moderate		
rxn03933_c	0.0			
rxn05342_c	0.0	low	1.0	0.0
rxn05072_c	0.0	high	0.0	0.0
rxn00307_c	0.0	moderate		
rxn00414_c	0.0	high	0.0	0.0
rxn08123_c	0.0	low	1.0	0.0
rxn09110_c	0.0	low	1.0	0.0
rxn05349_c	0.0	low	1.0	0.0
rxn00303_c	0.0	high	0.0	0.0
rxn00799_c	-499.85714			
rxn07439_c	0.0	moderate		
rxn01073_c	0.0	low	1.0	0.0
rxn02405_c	0.0	low	1.0	0.0
rxn00011_c	0.0	moderate		
rxn07430_c	0.0	low	1.0	0.0
rxn02200_c	0.0	moderate		
rxn00602_c	0.0	moderate		
rxn01069_c	0.0	moderate		
rxn05528_c	0.0	low	1.0	0.0
rxn00791_c	0.0	low	1.0	0.0
rxn03150_c	0.0	low	1.0	0.0
rxn05108_c	0.0	moderate		
rxn00065_c	0.0	low	1.0	0.0
rxn00365_c	0.0	low	1.0	0.0
rxn08783_c	1.0	high	1.0	0.0
rxn01827_c	0.0	moderate		
rxn05181_c	0.0	high	0.0	0.0
rxn01007_c	0.0	low	1.0	0.0
rxn05312_c	-1.0	high	0.0	1.0
rxn08975_c	1.0	high	1.0	0.0
rxn01646_c	0.0	moderate		
rxn00105_c	0.0	low	1.0	0.0
rxn08981_c	0.0	moderate		
rxn03243_c	0.0	high	0.0	0.0
rxn03446_c	0.0	moderate		
rxn01302_c	-1000.0	moderate		
rxn00784_c	0.0	low	1.0	0.0
rxn05029_c	0.0	moderate		
rxn00368_c	0.0	low	1.0	0.0
rxn05393_c	0.0	low	1.0	0.0
rxn00510_c	0.0	high	0.0	0.0
rxn02285_c	0.0	moderate		
rxn02303_c	0.0	low	1.0	0.0
rxn05315_c	0.0	low	1.0	0.0
rxn00227_c	0.0	low	1.0	0.0
rxn03047_c	0.0	moderate		
rxn02889_c	0.0	low	1.0	0.0
rxn01109_c	-1.0	high	0.0	1.0
rxn08848_c	0.0	low	1.0	0.0
OF_DNA	0.0	low	1.0	0.0
rxn08840_c	0.0	low	1.0	0.0
rxn02946_c	0.0	high	0.0	0.0
rxn00290_c	754.21429	moderate		
rxn01987_c	0.0	low	1.0	0.0
rxn02834_c	0.0	low	1.0	0.0
rxn07466_c	0.0			
rxn00459_c	-1.0	moderate		
rxn02085_c	0.0	moderate		
rxn02304_c	0.0	moderate		
rxn00770_c	0.0	low	1.0	0.0
rxn10334_c	0.0			
rxn05153_c	1.0	high	1.0	0.0
rxn08806_c	0.0	low	1.0	0.0
rxn05436_c	0.0	low	1.0	0.0
rxn05195_c	0.0	high	0.0	0.0
rxn00076_c	2.0	high	1.0	0.0
rxn14040_c	0.0	low	1.0	0.0
rxn05209_c	1.0	moderate		
rxn06377_c	0.0	moderate		
rxn10234_c	0.0	low	1.0	0.0
rxn08444_c	0.0	moderate		
rxn00175_c	0.0	low	1.0	0.0
rxn01366_c	-2.0	high	0.0	1.0
rxn05579_c	0.0	low	1.0	0.0
rxn01143_c	0.0	moderate		
rxn01647_c	0.0	moderate		
rxn00260_c	-995.71429	high	0.0	1.0
rxn02803_c	0.0	low	1.0	0.0
rxn05504_c	0.0	high	0.0	0.0
rxn01751_c	0.0	high	0.0	0.0
rxn00461_c	0.0	high	0.0	0.0
rxn05613_c	1.0	high	1.0	0.0
rxn02989_c	0.0	low	1.0	0.0
rxn05247_c	0.0	low	1.0	0.0
rxn10303_c	0.0	high	0.0	0.0
rxn00858_c	0.0	moderate		
rxn03136_c	0.0	moderate		
rxn00222_c	0.0	high	0.0	0.0
rxn10229_c	0.0	low	1.0	0.0
rxn00621_c	0.0	high	0.0	0.0
rxn05287_c	0.0	high	0.0	0.0
rxn01387_c	501.14286	moderate		
rxn02937_c	0.0	low	1.0	0.0
rxn08810_c	0.0	low	1.0	0.0
rxn01652_c	0.0	low	1.0	0.0
rxn00350_c	1.0	moderate		
rxn03137_c	0.0	low	1.0	0.0
rxn01115_c	0.0	moderate		
rxn05462_c	0.0	moderate		
rxn08818_c	0.0	low	1.0	0.0
rxn00992_c	0.0	low	1.0	0.0
rxn01128_c	0.0	low	1.0	0.0
rxn05239_c	1.0	high	1.0	0.0
rxn08312_c	0.0	low	1.0	0.0
rxn00952_c	0.0	low	1.0	0.0
rxn01961_c	0.0	low	1.0	0.0
rxn01517_c	0.0	low	1.0	0.0
rxn00371_c	0.0	low	1.0	0.0
rxn10226_c	0.0	low	1.0	0.0
rxn09978_c	0.0	high	0.0	0.0
rxn08040_c	0.0	high	0.0	0.0
rxn09211_c	0.0	low	1.0	0.0
rxn03141_c	0.0	moderate		
rxn05006_c	0.0	high	0.0	0.0
rxn05331_c	0.0	moderate		
rxn01800_c	0.0	low	1.0	0.0
rxn00533_c	0.0	moderate		
rxn08309_c	0.0	low	1.0	0.0
rxn02476_c	0.0	low	1.0	0.0
rxn01512_c	0.0	high	0.0	0.0
rxn03841_c	0.0	high	0.0	0.0
rxn04954_c	-1000.0	moderate		
rxn06865_c	0.0	low	1.0	0.0
rxn01279_c	0.0	low	1.0	0.0
rxn05517_c	0.0	low	1.0	0.0
rxn03249_c	0.0	high	0.0	0.0
rxn00676_c	0.0	high	0.0	0.0
rxn00713_c	0.0	low	1.0	0.0
rxn05603_c	0.0	low	1.0	0.0
rxn01257_c	0.0	moderate		
rxn09272_c	1.0	high	1.0	0.0
rxn00943_c	0.0	moderate		
rxn00903_c	0.0	moderate		
rxn00980_c	0.0	low	1.0	0.0
rxn00016_c	0.0	moderate		
rxn01648_c	2.0	high	1.0	0.0
rxn02213_c	0.0	high	0.0	0.0
rxn05441_c	0.0	low	1.0	0.0
rxn03892_c	0.0	high	0.0	0.0
rxn00086_c	-1.0	high	0.0	1.0
rxn04989_c	0.0			
rxn08668_c	0.0	low	1.0	0.0
rxn01127_c	0.0	high	0.0	0.0
rxn02569_c	0.0	low	1.0	0.0
rxn05226_c	0.0	low	1.0	0.0
rxn08548_c	0.0	low	1.0	0.0
rxn00615_c	0.0	low	1.0	0.0
rxn05445_c	0.0	low	1.0	0.0
rxn05341_c	0.0	low	1.0	0.0
rxn00298_c	0.0	high	0.0	0.0
rxn08124_c	0.0	low	1.0	0.0
rxn05449_c	0.0	low	1.0	0.0
rxn10206_c	0.0	low	1.0	0.0
rxn00083_c	0.0	low	1.0	0.0
rxn07438_c	0.0	high	0.0	0.0
rxn00743_c	0.0	low	1.0	0.0
rxn10202_c	0.0	low	1.0	0.0
rxn03236_c	0.0	moderate		
rxn01265_c	0.0	moderate		
rxn00874_c	0.0	high	0.0	0.0
rxn00834_c	0.0	high	0.0	0.0
rxn00704_c	0.0	low	1.0	0.0
rxn01459_c	0.0	low	1.0	0.0
rxn05252_c	0.0	low	1.0	0.0
rxn02322_c	0.0	high	0.0	0.0
rxn00241_c	0.0	moderate		
rxn12642_c	0.0	moderate		
rxn08130_c	0.0	high	0.0	0.0
rxn10339_c	0.0			
rxn10010_c	0.0	moderate		
rxn11702_c	0.0	high	0.0	0.0
rxn01332_c	0.0	low	1.0	0.0
rxn01510_c	0.0	low	1.0	0.0
rxn00785_c	0.0	moderate		
rxn00693_c	0.0	low	1.0	0.0
rxn01351_c	1.0	moderate		
rxn03909_c	0.0	high	0.0	0.0
rxn01101_c	0.0	high	0.0	0.0
rxn04602_c	0.0	low	1.0	0.0
rxn03084_c	0.0	low	1.0	0.0
rxn10233_c	0.0	low	1.0	0.0
rxn06600_c	1.4711962e-13	moderate		
rxn03439_c	0.0	moderate		
rxn00216_c	-1.5	high	0.0	1.0
rxn02005_c	-1.5	moderate		
rxn08808_c	0.0	low	1.0	0.0
rxn00558_c	-3.0	moderate		
rxn12635_c	0.0	moderate		
rxn00346_c	0.0	low	1.0	0.0
rxn05297_c	-2.2857143	moderate		
rxn01859_c	0.0	moderate		
rxn00806_c	0.0	moderate		
rxn05328_c	0.0	low	1.0	0.0
rxn05024_c	0.0	high	0.0	0.0
rxn05361_c	0.0	moderate		
rxn01851_c	0.0	low	1.0	0.0
rxn09449_c	0.0	low	1.0	0.0
rxn05323_c	0.0	low	1.0	0.0
rxn05192_c	0.0	high	0.0	0.0
rxn05616_c	0.0	high	0.0	0.0
rxn10306_c	0.0	high	0.0	0.0
rxn08805_c	0.0	low	1.0	0.0
rxn01507_c	0.0	low	1.0	0.0
rxn01790_c	0.0	high	0.0	0.0
rxn05651_c	1.0	high	1.0	0.0
rxn00077_c	-1.7386846e-13	low	1.0	0.0
rxn01388_c	-502.14286	high	0.0	1.0
rxn03638_c	0.0	moderate		
rxn05438_c	0.0	low	1.0	0.0
rxn01406_c	0.0	low	1.0	0.0
rxn01446_c	0.0	moderate		
rxn10309_c	0.0	high	0.0	0.0
rxn05249_c	0.0	low	1.0	0.0
rxn01816_c	0.0	low	1.0	0.0
rxn02056_c	0.0			
rxn02277_c	0.0	low	1.0	0.0
rxn10223_c	0.0	low	1.0	0.0
rxn00742_c	0.0	high	0.0	0.0
rxn00991_c	0.0	moderate		
rxn10260_c	0.0	low	1.0	0.0
rxn03242_c	0.0	high	0.0	0.0
rxn00541_c	0.0	low	1.0	0.0
rxn01368_c	0.0	low	1.0	0.0
rxn00851_c	0.0	low	1.0	0.0
rxn00301_c	0.0	moderate		
rxn09199_c	0.0	low	1.0	0.0
rxn05233_c	0.0	low	1.0	0.0
rxn09109_c	0.0	low	1.0	0.0
rxn00141_c	0.0	low	1.0	0.0
rxn02003_c	0.0	low	1.0	0.0
rxn01200_c	0.0	moderate		
rxn00377_c	0.0	high	0.0	0.0
rxn01241_c	497.85714	high	1.0	0.0
rxn05332_c	0.0	moderate		
rxn00438_c	0.0	moderate		
rxn00288_c	497.85714	high	1.0	0.0
rxn00763_c	0.0	low	1.0	0.0
rxn08550_c	0.0	low	1.0	0.0
rxn05176_c	1.0	high	1.0	0.0
rxn08811_c	0.0	low	1.0	0.0
rxn02473_c	0.0	moderate		
rxn01275_c	0.0	low	1.0	0.0
rxn10315_c	0.0	high	0.0	0.0
rxn01434_c	1.0	high	1.0	0.0
rxn00912_c	0.0	low	1.0	0.0
rxn08819_c	0.0	low	1.0	0.0
rxn02345_c	1.0	high	1.0	0.0
rxn08898_c	0.0	low	1.0	0.0
rxn00122_c	0.0	low	1.0	0.0
rxn09979_c	0.0	high	0.0	0.0
rxn06076_c	0.0	low	1.0	0.0
rxn08890_c	0.0	low	1.0	0.0
rxn08294_c	0.0	moderate		
rxn05179_c	0.0	low	1.0	0.0
rxn10259_c	0.0	low	1.0	0.0
rxn01602_c	0.0	low	1.0	0.0
rxn02302_c	0.0	low	1.0	0.0
rxn05223_c	0.0	high	0.0	0.0
rxn02927_c	0.0	low	1.0	0.0
rxn05433_c	0.0	low	1.0	0.0
rxn05344_c	0.0	moderate		
rxn03241_c	0.0	low	1.0	0.0
rxn01521_c	0.0	low	1.0	0.0
rxn12636_c	0.0	moderate		
rxn02276_c	0.0	moderate		
rxn05414_c	0.0	low	1.0	0.0
rxn00338_c	0.0	moderate		
rxn01649_c	0.0	moderate		
rxn03839_c	0.0	low	1.0	0.0
rxn00085_c	0.0	low	1.0	0.0
rxn00119_c	2.0	moderate		
rxn00709_c	0.0	low	1.0	0.0
rxn07432_c	0.0	low	1.0	0.0
rxn00063_c	0.0	moderate		
rxn01285_c	0.0	moderate		
rxn08549_c	0.0	low	1.0	0.0
rxn05447_c	0.0	low	1.0	0.0
rxn01466_c	0.0	low	1.0	0.0
rxn05187_c	0.0	moderate		
rxn03409_c	0.0	moderate		
rxn01674_c	1.0	low	0.0	0.0
rxn00974_c	502.14286	high	1.0	0.0
rxn04601_c	0.0	low	1.0	0.0
rxn00605_c	1.5	moderate		
rxn04142_c	0.0	low	1.0	0.0
rxn00744_c	0.0	low	1.0	0.0
rxn02008_c	0.0	high	0.0	0.0
rxn05740_c	0.0	low	1.0	0.0
rxn09203_c	0.0	low	1.0	0.0
rxn03904_c	0.0	moderate		
rxn01225_c	0.0	high	0.0	0.0
rxn01679_c	1.0	low	0.0	0.0
rxn01171_c	1.0	moderate		
rxn02288_c	0.0	high	0.0	0.0
rxn10199_c	0.0	low	1.0	0.0
rxn00409_c	1.0	high	1.0	0.0
rxn02831_c	0.0	moderate		
rxn08015_c	0.0	low	1.0	0.0
rxn01258_c	0.0	high	0.0	0.0
rxn08842_c	0.0	low	1.0	0.0
OF_RNA	0.0	low	1.0	0.0
rxn00840_c	0.0	low	1.0	0.0
rxn02128_c	0.0	moderate		
rxn03041_c	0.0	moderate		
rxn02518_c	0.0	moderate		
rxn03901_c	0.0	moderate		
rxn01985_c	0.0	moderate		
rxn10013_c	0.0	moderate		
rxn02832_c	0.0	low	1.0	0.0
rxn10052_c	9.0	high	1.0	0.0
rxn00946_c	0.0	moderate		
rxn00193_c	0.0	low	1.0	0.0
rxn02517_c	0.0	high	0.0	0.0
rxn05326_c	0.0	low	1.0	0.0
rxn05114_c	0.0	low	1.0	0.0
rxn00653_c	0.0	low	1.0	0.0
rxn05507_c	0.0	high	0.0	0.0
rxn03164_c	0.0	moderate		
rxn03251_c	0.0	moderate		
rxn08800_c	0.0	low	1.0	0.0
rxn02166_c	0.0	low	1.0	0.0
rxn01662_c	0.0	high	0.0	0.0
rxn00342_c	1.0	high	1.0	0.0
rxn00256_c	-502.14286	moderate		
rxn08335_c	0.0	low	1.0	0.0
rxn03004_c	0.0	low	1.0	0.0
rxn10232_c	0.0	low	1.0	0.0
rxn00138_c	1.0	high	1.0	0.0
rxn08942_c	0.0	low	1.0	0.0
rxn06729_c	0.0	low	1.0	0.0
rxn07977_c	0.0	moderate		
rxn05168_c	0.0	low	1.0	0.0
rxn00347_c	0.0	low	1.0	0.0
rxn02167_c	0.0	low	1.0	0.0
rxn05368_c	0.0	low	1.0	0.0
rxn01858_c	0.0	moderate		
rxn10770_c	0.0	low	1.0	0.0
rxn01819_c	0.0	low	1.0	0.0
rxn00231_c	0.0	low	1.0	0.0
rxn05360_c	0.0	low	1.0	0.0
rxn02297_c	0.0	low	1.0	0.0
rxn01799_c	0.0	high	0.0	0.0
rxn00504_c	1.0	moderate		
rxn08021_c	0.0	low	1.0	0.0
rxn08396_c	0.0	low	1.0	0.0
rxn01485_c	0.0	high	0.0	0.0
rxn05206_c	-1000.0	moderate		
rxn03031_c	0.0	moderate		
rxn09207_c	0.0	low	1.0	0.0
rxn09296_c	0.0	moderate		
rxn00239_c	-1.0	moderate		
rxn00441_c	497.85714	high	1.0	0.0
rxn00302_c	0.0	low	1.0	0.0
rxn00467_c	0.0	low	1.0	0.0
rxn03250_c	0.0	low	1.0	0.0
rxn02465_c	-1.0	high	0.0	1.0
rxn02222_c	0.0	low	1.0	0.0
rxn03130_c	0.0	high	0.0	0.0
rxn01791_c	0.0	low	1.0	0.0
rxn01710_c	0.0	low	1.0	0.0
rxn00183_c	0.0	moderate		
rxn00623_c	-1.0	high	0.0	1.0
rxn10300_c	0.0	high	0.0	0.0
rxn08100_c	0.0	low	1.0	0.0
rxn10308_c	0.0	high	0.0	0.0
rxn06526_c	0.0	moderate		
rxn01757_c	0.0	low	1.0	0.0
rxn01329_c	0.0	low	1.0	0.0
rxn00950_c	0.0	low	1.0	0.0
rxn00002_c	0.0	low	1.0	0.0
rxn02507_c	0.0	low	1.0	0.0
rxn10341_c	0.0			
rxn08131_c	0.0	high	0.0	0.0
rxn10220_c	0.0	low	1.0	0.0
rxn05464_c	0.0	low	1.0	0.0
rxn10261_c	0.0	low	1.0	0.0
rxn00990_c	0.0	moderate		
rxn08076_c	0.0	low	1.0	0.0
rxn14333_c	0.0	low	1.0	0.0
rxn01964_c	0.0	low	1.0	0.0
rxn08816_c	0.0	low	1.0	0.0
rxn02341_c	0.0	moderate		
rxn01519_c	0.0	low	1.0	0.0
rxn01137_c	0.0	moderate		
rxn03182_c	0.0	moderate		
rxn01343_c	0.0	low	1.0	0.0
rxn10255_c	0.0	moderate		
rxn08797_c	0.0	low	1.0	0.0
rxn00478_c	0.0	low	1.0	0.0
rxn09108_c	0.0	low	1.0	0.0
rxn00224_c	0.0	moderate		
rxn01513_c	0.0	low	1.0	0.0
rxn05372_c	0.0	low	1.0	0.0
rxn05333_c	0.0	moderate		
rxn06510_c	0.0	high	0.0	0.0
rxn04016_c	0.0	moderate		
rxn08307_c	0.0	low	1.0	0.0
rxn05426_c	0.0	low	1.0	0.0
rxn00209_c	0.0	low	1.0	0.0
rxn01274_c	0.0	low	1.0	0.0
rxn02474_c	0.0	moderate		
rxn03246_c	0.0	high	0.0	0.0
rxn02144_c	0.0	low	1.0	0.0
rxn00604_c	0.0	moderate		
rxn12645_c	0.0	moderate		
rxn00274_c	0.0	high	0.0	0.0
rxn10312_c	0.0	high	0.0	0.0
rxn02929_c	0.0	low	1.0	0.0
rxn00104_c	9.0	low	0.0	0.0
rxn00715_c	0.0	low	1.0	0.0
rxn01019_c	0.0	high	0.0	0.0
rxn06335_c	0.0	low	1.0	0.0
rxn08849_c	0.0	low	1.0	0.0
rxn09448_c	0.0	low	1.0	0.0
rxn09208_c	0.0	low	1.0	0.0
rxn02666_c	0.0	low	1.0	0.0
rxn05439_c	0.0	low	1.0	0.0
rxn09014_c	0.0	moderate		
rxn00014_c	998.0	low	0.0	0.0
rxn00202_c	0.0	low	1.0	0.0
rxn08295_c	0.0	moderate		
rxn05638_c	0.0	low	1.0	0.0
rxn02914_c	0.0	moderate		
rxn01603_c	0.0	low	1.0	0.0
rxn04945_c	-1.0	high	0.0	1.0
rxn00686_c	-1.4711962e-13	low	1.0	0.0
rxn09112_c	0.0	low	1.0	0.0
rxn06075_c	0.0	low	1.0	0.0
rxn00689_c	0.0	low	1.0	0.0
rxn08129_c	0.0	low	1.0	0.0
rxn01286_c	0.0	low	1.0	0.0
rxn05289_c	0.0	moderate		
rxn01973_c	0.0	moderate		
rxn00117_c	3.5	high	1.0	0.0
rxn05343_c	0.0	moderate		
rxn01520_c	0.0	moderate		
rxn00330_c	-4.2857143	high	0.0	1.0
rxn05736_c	0.0	low	1.0	0.0
rxn03445_c	0.0	moderate		
rxn11663_c	0.0	low	1.0	0.0
rxn00493_c	0.0	low	1.0	0.0
rxn08298_c	0.0	moderate		
rxn01834_c	0.0	moderate		
rxn00293_c	0.0	moderate		
rxn00948_c	0.0	high	0.0	0.0
rxn00367_c	2.0	moderate		
rxn14011_c	0.0	low	1.0	0.0
rxn00839_c	1.0	high	1.0	0.0
rxn21857_c	0.0	low	1.0	0.0
rxn14159_c	0.0	low	1.0	0.0
rxn45996_c	0.0	high	0.0	0.0
rxn27289_c	0.0	moderate		
rxn10504_c	0.0	high	0.0	0.0
rxn42230_c	0.0	moderate		
rxn26361_c	0.0	low	1.0	0.0
rxn47768_c	0.0	moderate		
rxn21861_c	0.0	low	1.0	0.0
rxn25839_c	0.0			
rxn23042_c	0.0	high	0.0	0.0
rxn00154_c	0.0	low	1.0	0.0
rxn01084_c	0.0	moderate		
rxn16503_c	0.0	low	1.0	0.0
rxn15395_c	0.0	low	1.0	0.0
rxn15972_c	0.0	high	0.0	0.0
rxn15249_c	1.5	high	1.0	0.0
rxn05121_c	0.0	low	1.0	0.0
rxn14427_c	0.0			
rxn14419_c	741.0	high	1.0	0.0
rxn14426_c	0.0	low	1.0	0.0
rxn18486_c	0.0	high	0.0	0.0
rxn08070_c	0.0	moderate		
rxn08098_c	0.0	low	1.0	0.0
rxn09295_c	0.0	low	1.0	0.0
rxn08762_c	0.0	low	1.0	0.0
rxn08192_c	0.0	moderate		
rxn08173_c	0.0	low	1.0	0.0
rxn08869_c	0.0	low	1.0	0.0
rxn08734_c	1.0	high	1.0	0.0
rxn09003_c	0.0			
rxn14418_c	739.0	high	1.0	0.0
rxn14425_c	0.0	low	1.0	0.0
rxn14420_c	2.0	high	1.0	0.0
rxn09001_c	0.0			
rxn14415_c	-998.0	high	0.0	1.0
rxn23043_c	0.0	high	0.0	0.0
rxn41896_c	0.0	moderate		
rxn21729_c	0.0	moderate		
rxn23045_c	0.0	low	1.0	0.0
rxn21862_c	0.0	moderate		
rxn39452_c	0.0	low	1.0	0.0
rxn16823_c	0.0	low	1.0	0.0
rxn16583_c	0.0	low	1.0	0.0
rxn44539_c	0.0	low	1.0	0.0
rxn10506_c	0.0	moderate		
rxn21864_c	0.0	low	1.0	0.0
rxn39451_c	0.0	low	1.0	0.0
rxn21858_c	0.0	moderate		
rxn40439_c	0.0	moderate		
rxn24830_c	0.0	moderate		
rxn26021_c	0.0	low	1.0	0.0
rxn41683_c	0.0	low	1.0	0.0
rxn42530_c	0.0	high	0.0	0.0
rxn07436_c	0.0	high	0.0	0.0
rxn15167_c	0.0	moderate		
rxn28338_c	0.0	low	1.0	0.0
rxn13741_c	2.0	high	1.0	0.0
rxn20627_c	0.0	moderate		
rxn22316_c	0.0	high	0.0	0.0
rxn09037_c	0.0	high	0.0	0.0
rxn16593_c	0.0	high	0.0	0.0
rxn16565_c	0.0	high	0.0	0.0
rxn16592_c	0.0	high	0.0	0.0
rxn16594_c	0.0	high	0.0	0.0
rxn25971_c	0.0	low	1.0	0.0
rxn09193_c	0.0	low	1.0	0.0
rxn08241_c	0.0	moderate		
rxn08234_c	0.0	low	1.0	0.0
rxn02497_c	0.0	low	1.0	0.0
rxn08715_c	0.0	low	1.0	0.0
rxn23336_c	0.0	moderate		
rxn23850_c	0.0	low	1.0	0.0
rxn40368_c	0.0	moderate		
rxn15230_c	1.5	moderate		
rxn20583_c	-1.5	low	0.0	0.0
rxn16596_c	0.0	low	1.0	0.0
rxn27318_c	0.0	moderate		
rxn15964_c	0.0	low	1.0	0.0
rxn16824_c	0.0	moderate		
rxn39964_c	0.0	moderate		
rxn16806_c	0.0	high	0.0	0.0
rxn14061_c	0.0	low	1.0	0.0
rxn13957_c	0.0	low	1.0	0.0
rxn09304_c	0.0	moderate		
rxn08722_c	0.0	moderate		
rxn21863_c	0.0	low	1.0	0.0
rxn40037_c	0.0	low	1.0	0.0
rxn21859_c	0.0	low	1.0	0.0
rxn20643_c	0.0	high	0.0	0.0
rxn17731_c	0.0	moderate		
rxn16149_c	0.0	low	1.0	0.0
rxn05120_c	0.0	low	1.0	0.0
rxn40041_c	0.0			
rxn26127_c	0.0	low	1.0	0.0
rxn19704_c	0.0	low	1.0	0.0
rxn43657_c	0.0	moderate		
rxn45692_c	0.0	low	1.0	0.0
rxn05469_c	251.71429			
rxn05064_c	0.0			
rxn02374_c	0.0			
rxn05730_c	0.0			
rxn04457_c	0.0			
rxn05129_c	0.0			
rxn02916_c	0.0			
rxn05488_c	-1000.0			
rxn03012_c	0.0			
rxn04132_c	0.0			
rxn05559_c	0.0			
rxn01208_c	0.0			
rxn04791_c	0.0			
rxn00064_c	0.0			
rxn05468_c	870.5			
rxn04133_c	0.0			
rxn10570_c	0.0			
rxn05467_c	-1000.0			
rxn24718_c	0.0			
rxn23589_c	0.0			
rxn08502_e	-1000.0			
rxn08428_c	0.0			
rxn08032_c	0.0			
rxn09008_c	0.0			
rxn08691_c	-1.0			
rxn08966_c	0.0			
rxn08350_c	-255.0			
rxn08689_c	4.2857143			
rxn09260_c	1.0			
rxn09330_c	1.0			
rxn00062_c	671.85714			
rxn12225_c	0.0			
rxn03086_c	0.0			
rxn03030_c	0.0			
rxn12666_c	0.0			
rxn00470_c	0.0			
rxn05459_c	0.0			
rxn12603_c	-3.0			
rxn00068_c	0.0			
rxn05514_c	0.0			
rxn00957_c	0.0			
rxn11946_c	0.0			
rxn05039_c	0.0			
rxn09128_c	0.0			
rxn05175_c	0.0			
rxn01972_c	0.0			
rxn00979_c	0.0			
rxn12224_c	0.0			
rxn03537_c	0.0			
rxn02990_c	0.0			
rxn01249_c	0.0			
rxn09106_c	0.0			
rxn00797_c	0.0			
rxn04413_c	0.0			
rxn04139_c	0.0			
rxn03893_c	0.0			
rxn03538_c	0.0			
rxn09310_c	0.0			
rxn01213_c	0.0			
rxn05618_c	0.0			
rxn00181_c	0.0			
rxn01396_c	0.0			
rxn08655_c	0.0			
rxn12239_c	0.0			
rxn03393_c	0.0			
rxn02897_c	0.0			
rxn03395_c	0.0			
OF_BIOMASS	0.0			
EX_malt_e	0.0			
EX_his_L_e	0.0			
EX_cd2_e	0.0			
EX_ferrich_e	0.0			
EX_tttnt_e	0.0			
EX_metox_e	2.0			
EX_btn_e	0.0			
EX_met_L_e	-2.0			
EX_mg2_e	0.0			
EX_ac_e	1000.0			
EX_arsenb_e	0.0			
EX_cbl1_e	0.0			
EX_cgly_e	0.0			
EX_fum_e	0.0			
EX_h2s_e	4.2857143			
EX_so4_e	-2.0			
EX_pydx_e	0.0			
EX_spmd_e	0.0			
EX_ppi_e	12.5			
EX_mnl_e	0.0			
EX_Pb_e	0.0			
EX_pro_L_e	0.0			
EX_glyc3p_e	0.0			
EX_orn_e	0.0			
EX_salcn_e	0.0			
EX_pi_e	-25.0			
EX_acgam_e	0.0			
EX_pyr_e	-251.71429			
EX_etoh_e	0.0			
EX_met_D_e	0.0			
EX_hg2_e	0.0			
EX_Vitamin_B12_e	0.0			
EX_but_e	1.0			
EX_hom_L_e	0.0			
EX_na1_e	0.0			
EX_acald_e	0.0			
EX_mobd_e	0.0			
EX_metox_R_e	0.0			
EX_arbt_e	0.0			
EX_sucr_e	0.0			
EX_galt_e	0.0			
EX_glyb_e	0.0			
EX_leu_L_e	0.0			
EX_h2o_e	0.0			
EX_so3_e	1.0			
EX_h2_e	-1.0			
EX_lys_L_e	0.0			
EX_k_e	0.0			
EX_n2o_e	0.0			
EX_cu2_e	0.0			
EX_Fe3_e	1000.0			
EX_fru_e	0.0			
EX_gam_e	-2.5			
EX_gly_cys_L_e	-3.2857143			
EX_alaala_e	0.0			
EX_co2_e	1000.0			
EX_h_e	238.85714			
EX_ca2_e	0.0			
EX_zn2_e	0.0			
EX_cl_e	0.0			
EX_tre_e	1.5			
EX_thr_L_e	0.0			
EX_pheme_e	0.0			
EX_glu_L_e	3.2857143			
EX_feenter_e	-1000.0			
EX_ni2_e	0.0			
EX_mn2_e	0.0			
EX_arsna_e	0.0			
EX_malthx_e	0.0			
EX_enter_e	1000.0			
EX_malttr_e	0.0			
EX_arsni_e	0.0			
EX_4hbz_e	0.0			
EX_Butyro_betaine_e	0.0			
EX_man_e	0.0			
EX_chitob_e	0.0			
EX_for_e	0.0			
EX_mal_D_e	0.0			
EX_adocbl_e	0.0			
EX_meoh_e	0.0			
EX_succ_e	0.0			
EX_nh4_e	5.7857143			
EX_ile_L_e	0.0			
EX_cobalt2_e	0.0			
EX_glc_D_e	0.0			
EX_acac_e	-754.21429			
EX_val_L_e	0.0			
EX_no_e	0.0			
EX_o2_e	-870.5			
EX_ctbt_e	0.0			
EX_lac_D_e	255.0			
EX_tsul_e	0.0			
DM_glycogenb_c	0.0			
DM_Biomass_c	0.0			
DM_amob_c	0.0			
